category_code_alphabetical,category_code_numerical,video_name_count,category,tiktok_search_prompt,link,MediaInfo_video_length_seconds,MediaInfo_video_length_milliseconds,channel,video_name_count_channel,video_pathway,length_grouping
A,1,soccer_juggling_1,soccer_juggling,football freestyle,https://www.tiktok.com/@isabellapiete/video/7379034325595032875?q=soccer%20juggling%20freestyle&t=1753316164155,15.069,15069,isabellapiete,soccer_juggling_1_isabellapiete,stimuli/tiktok_stim_veryfast_social/soccer_juggling/soccer_juggling_1_isabellapiete.mp4,short
A,1,soccer_juggling_10,soccer_juggling,soccer juggling freestyle,https://www.tiktok.com/@v.vvvv.9/video/7529500135127059717?q=soccer%20freestyle%20tricks&t=1753368396157,26.748,26748,v.vvvv.9,soccer_juggling_10_v.vvvv.9,stimuli/tiktok_stim_veryfast_social/soccer_juggling/soccer_juggling_10_v.vvvv.9.mp4,short
A,1,soccer_juggling_11,soccer_juggling,soccer juggling freestyle,https://www.tiktok.com/@eb_freestyle/video/7525888572377894158,20.433,20433,eb_freestyle,soccer_juggling_11_eb_freestyle,stimuli/tiktok_stim_veryfast_social/soccer_juggling/soccer_juggling_11_eb_freestyle.mp4,short
A,1,soccer_juggling_12,soccer_juggling,soccer juggling freestyle,https://www.tiktok.com/@malteczelk/video/7516937811149196566?q=football%20freestyle%20women&t=1753374362977,27.761,27761,malteczelk,soccer_juggling_12_malteczelk,stimuli/tiktok_stim_veryfast_social/soccer_juggling/soccer_juggling_12_malteczelk.mp4,short
A,1,soccer_juggling_2,soccer_juggling,soccer freestyle tricks,https://www.tiktok.com/@khfreestyle1/video/7465892544073780526?q=soccer%20juggling%20freestyle&t=1753362723127,13.073,13073,khfreestyle1,soccer_juggling_2_khfreestyle1,stimuli/tiktok_stim_veryfast_social/soccer_juggling/soccer_juggling_2_khfreestyle1.mp4,short
A,1,soccer_juggling_3,soccer_juggling,soccer juggling freestyle,https://www.tiktok.com/@moomar/video/7087219054598966534,13.944,13944,moomar,soccer_juggling_3_moomar,stimuli/tiktok_stim_veryfast_social/soccer_juggling/soccer_juggling_3_moomar.mp4,short
A,1,soccer_juggling_4,soccer_juggling,soccer juggling freestyle,https://www.tiktok.com/@risingballer_11/video/7529945747450514743?q=soccer%20freestyle&t=1753365883944,15.138,15138,risingballer_11,soccer_juggling_4_risingballer_11,stimuli/tiktok_stim_veryfast_social/soccer_juggling/soccer_juggling_4_risingballer_11.mp4,short
A,1,soccer_juggling_5,soccer_juggling,soccer juggling freestyle,https://www.tiktok.com/@maelie_pl/video/7508156894603791647,14.001,14001,maelie_pl,soccer_juggling_5_maelie_pl,stimuli/tiktok_stim_veryfast_social/soccer_juggling/soccer_juggling_5_maelie_pl.mp4,short
A,1,soccer_juggling_6,soccer_juggling,soccer juggling freestyle,https://www.tiktok.com/@alicefreestyleball/video/6976353825040993541,17.159,17159,alicefreestyleball,soccer_juggling_6_alicefreestyleball,stimuli/tiktok_stim_veryfast_social/soccer_juggling/soccer_juggling_6_alicefreestyleball.mp4,short
A,1,soccer_juggling_7,soccer_juggling,soccer juggling freestyle,https://www.tiktok.com/@majkafreestyle/video/7098602029953682693,20.131,20131,majkafreestyle,soccer_juggling_7_majkafreestyle,stimuli/tiktok_stim_veryfast_social/soccer_juggling/soccer_juggling_7_majkafreestyle.mp4,short
A,1,soccer_juggling_8,soccer_juggling,soccer juggling freestyle,https://www.tiktok.com/@lia.lewis/video/7480999032312188182?q=soccer%20freestyle%20girls&t=1753367996772,16.276,16276,lia.lewis,soccer_juggling_8_lia.lewis,stimuli/tiktok_stim_veryfast_social/soccer_juggling/soccer_juggling_8_lia.lewis.mp4,short
A,1,soccer_juggling_9,soccer_juggling,soccer juggling freestyle,https://www.tiktok.com/@pwgfreestyle/video/7447576459582967062,15.487,15487,pwgfreestyle,soccer_juggling_9_pwgfreestyle,stimuli/tiktok_stim_veryfast_social/soccer_juggling/soccer_juggling_9_pwgfreestyle.mp4,short
B,2,dance_1,dance,passo bem salto dance,https://www.tiktok.com/@annikarchives/video/7490541171429641479?q=Passo%20Bem%20Solto%20Music%20Dance&t=1753924305417,15.046,15046,annikarchives,dance_1_annikarchives,stimuli/tiktok_stim_veryfast_social/dance/dance_1_annikarchives.mp4,practice
B,2,dance_10,dance,passo bem solto dance,https://www.tiktok.com/@an1tahuang/video/7491411085652790583?q=Passo%20Bem%20Solto%20dance%20duet&t=1753927729039,15.022,15022,an1tahuang,dance_10_an1tahuang,stimuli/tiktok_stim_veryfast_social/dance/dance_10_an1tahuang.mp4,practice
B,2,dance_11,dance,passo bem solto dance,https://www.tiktok.com/@ivy.bakarbessy/video/7490604848933702914?q=passo%20bem%20solto%20dance&t=1754584348570,15.022,15022,ivy.bakarbessy,dance_11_ivy.bakarbessy,stimuli/tiktok_stim_veryfast_social/dance/dance_11_ivy.bakarbessy.mp4,practice
B,2,dance_12,dance,passo bem solto dance,https://www.tiktok.com/@heyelvinaa/video/7491406643184487726?q=Passo%20Bem%20Solto%20Music%20Dance&t=1753924305417,15.089,15089,heyelvinaa,dance_12_heyelvinaa,stimuli/tiktok_stim_veryfast_social/dance/dance_12_heyelvinaa.mp4,practice
B,2,dance_2,dance,passo bem salto dance,https://www.tiktok.com/@dukasisun/video/7496483558849121558?q=Passo%20Bem%20Solto%20dance%20challenge&t=1753925047021,16.183,16183,dukasisun,dance_2_dukasisun,stimuli/tiktok_stim_veryfast_social/dance/dance_2_dukasisun.mp4,practice
B,2,dance_3,dance,passo bem salto dance,https://www.tiktok.com/@bngylmz/video/7492786182326111510?q=Passo%20Bem%20Solto%20Music%20Dance&t=1753924305417,15.022,15022,bngylmz,dance_3_bngylmz,stimuli/tiktok_stim_veryfast_social/dance/dance_3_bngylmz.mp4,practice
B,2,dance_4,dance,passo bem salto dance,https://www.tiktok.com/@hxxynnnis/video/7513626691109981458?q=passo%20bem%20salto%20dance&t=1753905507901,15.069,15069,hxxynnnis,dance_4_hxxynnnis,stimuli/tiktok_stim_veryfast_social/dance/dance_4_hxxynnnis.mp4,practice
B,2,dance_5,dance,passo bem salto dance,https://www.tiktok.com/@tiktot2013/video/7494792290548976901?q=passo%20bem%20salto%20dance&t=1752845632766,15.487,15487,tiktot2013,dance_5_tiktot2013,stimuli/tiktok_stim_veryfast_social/dance/dance_5_tiktot2013.mp4,practice
B,2,dance_6,dance,passo bem salto dance,https://www.tiktok.com/@emiliyyam/video/7487986972707786002?q=passo%20bem%20salto%20dance&t=1752845966114,14.558,14558,emiliyyam,dance_6_emiliyyam,stimuli/tiktok_stim_veryfast_social/dance/dance_6_emiliyyam.mp4,practice
B,2,dance_7,dance,passo bem salto dance,https://www.tiktok.com/@papitomass/video/7491205338000018731?q=passo%20bem%20salto%20dance&t=1752845966114,13.934,13934,papitomass,dance_7_papitomass,stimuli/tiktok_stim_veryfast_social/dance/dance_7_papitomass.mp4,practice
B,2,dance_8,dance,passo bem salto dance,https://www.tiktok.com/@userd120j1940li/video/7499714039799385374?q=Passo%20Bem%20Solto%20dance%20challenge&t=1753925047021,15.069,15069,userd120j1940li,dance_8_userd120j1940li,stimuli/tiktok_stim_veryfast_social/dance/dance_8_userd120j1940li.mp4,practice
B,2,dance_9,dance,passo bem solto dance,https://www.tiktok.com/@szupi_official/video/7495798884653124886?q=passo%20bem%20solto%20dance&t=1752846309475,14.767,14767,szupi_official,dance_9_szupi_official,stimuli/tiktok_stim_veryfast_social/dance/dance_9_szupi_official.mp4,practice
C,3,dogs_1,dogs,dog growth timelapse,https://www.tiktok.com/@marleaux.m/video/7530715443649137933?q=dog%20growth%20timelapse&t=1753560618810,21.577,21577,marleaux.m,dogs_1_marleaux.m,stimuli/tiktok_stim_veryfast_social/dogs/dogs_1_marleaux.m.mp4,medium
C,3,dogs_10,dogs,puppy growth trend,https://www.tiktok.com/@kira_theminishepherd/video/7468827165585444118?q=puppy%20progression%20growth&t=1753209751718,18.134,18134,kira_theminishepherd,dogs_10_kira_theminishepherd,stimuli/tiktok_stim_veryfast_social/dogs/dogs_10_kira_theminishepherd.mp4,medium
C,3,dogs_11,dogs,puppy growth videos,https://www.tiktok.com/@abbyw629/video/7495890266881019166?q=puppy%20growth%20mirror&t=1753210176464,19.388,19388,abbyw629,dogs_11_abbyw629,stimuli/tiktok_stim_veryfast_social/dogs/dogs_11_abbyw629.mp4,medium
C,3,dogs_12,dogs,puppy growth videos,https://www.tiktok.com/@thatgoldenbutter/video/7536658970396642574?q=puppy%20growth%20trend&t=1755195733564,14.326,14326,thatgoldenbutter,dogs_12_thatgoldenbutter,stimuli/tiktok_stim_veryfast_social/dogs/dogs_12_thatgoldenbutter.mp4,medium
C,3,dogs_2,dogs,dog growth timelapse,https://www.tiktok.com/@tiktoktonit/video/7132698226226040110?q=dog%20growth%20timelapse&t=1753208712420,26.282,26282,tiktoktonit,dogs_2_tiktoktonit,stimuli/tiktok_stim_veryfast_social/dogs/dogs_2_tiktoktonit.mp4,medium
C,3,dogs_3,dogs,dog growth timelapse,https://www.tiktok.com/@jordandreyer/video/7039089078163311878?q=dog%20growth%20timelapse&t=1753560618810,26.022,26022,jordandreyer,dogs_3_jordandreyer,stimuli/tiktok_stim_veryfast_social/dogs/dogs_3_jordandreyer.mp4,medium
C,3,dogs_4,dogs,dog growth timelapse,https://www.tiktok.com/@victoria_venti/video/7388184325948296491?q=dog%20growth%20timelapse&t=1753208712420,24.821,24821,victoria_venti,dogs_4_victoria_venti,stimuli/tiktok_stim_veryfast_social/dogs/dogs_4_victoria_venti.mp4,medium
C,3,dogs_5,dogs,dog growth timelapse,https://www.tiktok.com/@mavandthemontes/video/7512442517132938527?q=dog%20growth%20timelapse&t=1753208712420,15.928,15928,mavandthemontes,dogs_5_mavandthemontes,stimuli/tiktok_stim_veryfast_social/dogs/dogs_5_mavandthemontes.mp4,medium
C,3,dogs_6,dogs,puppy growth timelapse,https://www.tiktok.com/@harrythechow/video/7212718476224662789?q=puppy%20growth%20trend&t=1753209610429,21.686,21686,harrythechow,dogs_6_harrythechow,stimuli/tiktok_stim_veryfast_social/dogs/dogs_6_harrythechow.mp4,medium
C,3,dogs_7,dogs,puppy growth timelapse,https://www.tiktok.com/@dukethatgolden/video/7271029106190454062?q=puppy%20progression%20growth&t=1753209751718,20.224,20224,dukethatgolden,dogs_7_dukethatgolden,stimuli/tiktok_stim_veryfast_social/dogs/dogs_7_dukethatgolden.mp4,medium
C,3,dogs_8,dogs,puppy growth timelapse,https://www.tiktok.com/@keepin.up.with.theo/video/7329641330341350698?q=puppy%20progression%20growth&t=1753209751718,13.861,13861,keepin.up.with.theo,dogs_8_keepin.up.with.theo,stimuli/tiktok_stim_veryfast_social/dogs/dogs_8_keepin.up.with.theo.mp4,medium
C,3,dogs_9,dogs,puppy growth trend,https://www.tiktok.com/@stephanieprosa/video/7297313793854623022?q=puppy%20progression%20growth&t=1753209751718,31.462,31462,stephanieprosa,dogs_9_stephanieprosa,stimuli/tiktok_stim_veryfast_social/dogs/dogs_9_stephanieprosa.mp4,medium
D,4,unboxing_1,unboxing,unboxing packages,https://www.tiktok.com/@princessstephhh_/video/7171901786918489390?lang=en&q=unbox%20random%20package&t=1754169750958,17.669,17669,princessstephhh_,unboxing_1_princesssstephhh_,stimuli/tiktok_stim_veryfast_social/unboxing/unboxing_1_princesssstephhh_.mp4,short
D,4,unboxing_10,unboxing,unboxing with me,https://www.tiktok.com/@mypixiehollow/video/7264153116780563717?q=open%20boxes%20with%20me&t=1749733595386,12.143,12143,mypixiehollow,unboxing_10_mypixiehollow,stimuli/tiktok_stim_veryfast_social/unboxing/unboxing_10_mypixiehollow.mp4,short
D,4,unboxing_11,unboxing,unboxing with me watch,https://www.tiktok.com/@kenzieshops/video/7340442417579085102?lang=en&q=unbox%20with%20me%20watch&t=1753456159051,16.323,16323,kenzieshops,unboxing_11_kenzieshops,stimuli/tiktok_stim_veryfast_social/unboxing/unboxing_11_kenzieshops.mp4,short
D,4,unboxing_12,unboxing,unboxing with me,https://www.tiktok.com/@pamelagisellee/video/7286098112886754606?lang=en&q=unboxing%20with%20me&t=1752850690082,30.022,30022,pamelagisellee,unboxing_12_pamelagisellee,stimuli/tiktok_stim_veryfast_social/unboxing/unboxing_12_pamelagisellee.mp4,short
D,4,unboxing_2,unboxing,unbox with me,https://www.tiktok.com/@sraqtnx/video/7492758175783963911,15.812,15812,sraqtnx,unboxing_2_sraqtnx,stimuli/tiktok_stim_veryfast_social/unboxing/unboxing_2_sraqtnx.mp4,short
D,4,unboxing_3,unboxing,unbox with me,https://www.tiktok.com/@halliewallsxo/video/7491379404782783774?q=unbox%20new&t=1754168836530,17.368,17368,halliewallsxo,unboxing_3_halliewallsxo,stimuli/tiktok_stim_veryfast_social/unboxing/unboxing_3_halliewallsxo.mp4,short
D,4,unboxing_4,unboxing,unbox with me,https://www.tiktok.com/@jenniferalmeidax/video/7491019539581242667?lang=en&q=unbox%20with%20me&t=1752847571266,20.131,20131,jenniferalmeidax,unboxing_4_jenniferalmeidax,stimuli/tiktok_stim_veryfast_social/unboxing/unboxing_4_jenniferalmeidax.mp4,short
D,4,unboxing_5,unboxing,unbox with me,https://www.tiktok.com/@arusthebrand/video/7436010106543705351?lang=en&q=unbox%20with%20me&t=1752847571266,15.4,15400,arusthebrand,unboxing_5_arusthebrand,stimuli/tiktok_stim_veryfast_social/unboxing/unboxing_5_arusthebrand.mp4,short
D,4,unboxing_6,unboxing,unbox with me,https://www.tiktok.com/@evitachoo/video/7513440409469603094?lang=en&q=unbox%20with%20me&t=1752847571266,21.919,21919,evitachoo,unboxing_6_evitachoo,stimuli/tiktok_stim_veryfast_social/unboxing/unboxing_6_evitachoo.mp4,short
D,4,unboxing_7,unboxing,unbox with me,https://www.tiktok.com/@gabrielak.x/video/7423696646698994977?lang=en&q=unbox%20with%20me&t=1752847571266,21.3,21300,gabrielak.x,unboxing_7_gabrielak.x,stimuli/tiktok_stim_veryfast_social/unboxing/unboxing_7_gabrielak.x.mp4,short
D,4,unboxing_8,unboxing,unbox with me,https://www.tiktok.com/@lucy.ezinne/video/7390082283505585438,21.663,21663,lucy.ezinne,unboxing_8_lucy.ezinne,stimuli/tiktok_stim_veryfast_social/unboxing/unboxing_8_lucy.ezinne.mp4,short
D,4,unboxing_9,unboxing,unboxing with me,https://www.tiktok.com/@lilycung/video/7510694181472521518?q=unbox%20my&t=1754526485469,24.234,24234,lilycung,unboxing_9_lilycung,stimuli/tiktok_stim_veryfast_social/unboxing/unboxing_9_lilycung.mp4,short
E,5,cookie_recipes_1,cookie_recipes,cookie recipe,https://www.tiktok.com/@theenergymedia/video/6846932768518049029?q=fudge%20cookies%20recipe&t=1755610322555,15.167,15167,theenergymedia,cookie_recipes_1_theenergymedia,stimuli/tiktok_stim_veryfast_social/cookie_recipes/cookie_recipes_1_theenergymedia.mp4,medium
E,5,cookie_recipes_10,cookie_recipes,#cookierecipes,https://www.tiktok.com/@muhjahnadi/video/7309659023412874526?q=easy%20white%20chocolate%20cookies%20recipe&t=1755611302454,23.498,23498,muhjahnadi,cookie_recipes_10_muhjahnadi,stimuli/tiktok_stim_veryfast_social/cookie_recipes/cookie_recipes_10_muhjahnadi.mp4,medium
E,5,cookie_recipes_11,cookie_recipes,#cookierecipes,https://www.tiktok.com/@beth_thefirstyear/video/7358865432318610731?q=short%20cookie%20recipes&t=1752864247608,30.603,30603,beth_thefirstyear,cookie_recipes_11_beth_thefirstyear,stimuli/tiktok_stim_veryfast_social/cookie_recipes/cookie_recipes_11_beth_thefirstyear.mp4,medium
E,5,cookie_recipes_12,cookie_recipes,#cookierecipes,https://www.tiktok.com/@laneyg04/video/7460699276088413483?lang=en,25.657,25657,laneyg04,cookie_recipes_12_laneyg04,stimuli/tiktok_stim_veryfast_social/cookie_recipes/cookie_recipes_12_laneyg04.mp4,medium
E,5,cookie_recipes_2,cookie_recipes,cookie recipe,https://www.tiktok.com/@bakesbynat/video/7492118666859793686?q=easy%20double%20chocolate%20chip%20cookies%20recipe&t=1755612053631,28.42,28420,bakesbynat,cookie_recipes_2_bakesbynat,stimuli/tiktok_stim_veryfast_social/cookie_recipes/cookie_recipes_2_bakesbynat.mp4,medium
E,5,cookie_recipes_3,cookie_recipes,cookie recipe easy,https://www.tiktok.com/@givethemgrace/video/7242089377449495854?q=cookie%20recipe%20easy&t=1752859923934,24.367,24367,givethemgrace,cookie_recipes_3_givethemgrace,stimuli/tiktok_stim_veryfast_social/cookie_recipes/cookie_recipes_3_givethemgrace.mp4,medium
E,5,cookie_recipes_4,cookie_recipes,cookie recipe ingredients,https://www.tiktok.com/@kalejunkie/video/7260302706680565034?q=cookie%20recipe%20ingredients&t=1752860600051,26.609,26609,kalejunkie,cookie_recipes_4_kalejunkie,stimuli/tiktok_stim_veryfast_social/cookie_recipes/cookie_recipes_4_kalejunkie.mp4,medium
E,5,cookie_recipes_5,cookie_recipes,cookie recipe ingredients,https://www.tiktok.com/@zenergyjen/video/7157017144708861189?q=cookie%20recipe%20ingredients&t=1752860600051,13.304,13304,zenergyjen,cookie_recipes_5_zenergyjen,stimuli/tiktok_stim_veryfast_social/cookie_recipes/cookie_recipes_5_zenergyjen.mp4,medium
E,5,cookie_recipes_6,cookie_recipes,cookie recipe ingredients,https://www.tiktok.com/@misobutterbaby/video/7453111285429996806?q=cookie%20recipe&t=1752861629546,25.239,25239,misobutterbaby,cookie_recipes_6_misobutterbaby,stimuli/tiktok_stim_veryfast_social/cookie_recipes/cookie_recipes_6_misobutterbaby.mp4,medium
E,5,cookie_recipes_7,cookie_recipes,easy cookie recipes,https://www.tiktok.com/@feelgoodfoodie/video/7230621253579607339?q=easy%20cookie%20recipes&t=1752862295062,15.626,15626,feelgoodfoodie,cookie_recipes_7_feelgoodfoodie,stimuli/tiktok_stim_veryfast_social/cookie_recipes/cookie_recipes_7_feelgoodfoodie.mp4,medium
E,5,cookie_recipes_8,cookie_recipes,easy cookie recipes,https://www.tiktok.com/@lifewithtuyen/video/7504375653551148318?q=easy%20cookie%20recipes&t=1752862295062,20.874,20874,lifewithtuyen,cookie_recipes_8_lifewithtuyen,stimuli/tiktok_stim_veryfast_social/cookie_recipes/cookie_recipes_8_lifewithtuyen.mp4,medium
E,5,cookie_recipes_9,cookie_recipes,easy cookie recipes,https://www.tiktok.com/@themodernnonna/video/7174578053576690949?q=simple%20cookie%20recipes&t=1752862893582,21.269,21269,themodernnonna,cookie_recipes_9_themodernnonna,stimuli/tiktok_stim_veryfast_social/cookie_recipes/cookie_recipes_9_themodernnonna.mp4,medium
F,6,diy_bracelets_1,diy_bracelets,diy bracelet,https://www.tiktok.com/@thebombbraceletss/video/7288092394405334314?q=diy%20bracelet&t=1753192685830,31.392,31392,thebombbraceletss,diy_bracelets_1_thebombbraceletss,stimuli/tiktok_stim_veryfast_social/diy_bracelets/diy_bracelets_1_thebombbraceletss.mp4,long
F,6,diy_bracelets_10,diy_bracelets,how to bracelet,https://www.tiktok.com/@braceletsforfriendship/video/7128029173192461574?q=how%20to%20bracelet&t=1753205592855,29.001,29001,braceletsforfriendship,diy_bracelets_10_braceletsforfriendship,stimuli/tiktok_stim_veryfast_social/diy_bracelets/diy_bracelets_10_braceletsforfriendship.mp4,long
F,6,diy_bracelets_11,diy_bracelets,easy bracelet tutorials,https://www.tiktok.com/@sharkb1acelets/video/7239653543752273178?q=easy%20bracelet%20tutorial&t=1753544412155,17.832,17832,sharkb1acelets,diy_bracelets_11_sharkb1acelets,stimuli/tiktok_stim_veryfast_social/diy_bracelets/diy_bracelets_11_sharkb1acelets.mp4,long
F,6,diy_bracelets_12,diy_bracelets,easy bracelet tutorials,https://www.tiktok.com/@swiss.toni/video/7218637180179123498?q=easy%20bracelet%20tutorials&t=1753206088443,28.978,28978,swiss.toni,diy_bracelets_12_swiss.toni,stimuli/tiktok_stim_veryfast_social/diy_bracelets/diy_bracelets_12_swiss.toni.mp4,long
F,6,diy_bracelets_2,diy_bracelets,diy bracelet,https://www.tiktok.com/@bracednbouji.llc/video/7494024613609917742?q=how%20to%20make%20bracelet&t=1753202989732,31.323,31323,bracednbouji.llc,diy_bracelets_2_bracednbouji.llc,stimuli/tiktok_stim_veryfast_social/diy_bracelets/diy_bracelets_2_bracednbouji.llc.mp4,long
F,6,diy_bracelets_3,diy_bracelets,diy bracelet,https://www.tiktok.com/@jh.life_handmade/video/7218349541299506478?q=easy%20bracelet%20tutorial&t=1753544412155,23.335,23335,jh.life_handmade,diy_bracelets_3_jh.life_handmade,stimuli/tiktok_stim_veryfast_social/diy_bracelets/diy_bracelets_3_jh.life_handmade.mp4,long
F,6,diy_bracelets_4,diy_bracelets,diy bracelet,https://www.tiktok.com/@giota.creations/video/7054490377281195270?q=DIY%20bracelet%20tutorial&t=1753203782070,28.745,28745,giota.creations,diy_bracelets_4_giota.creations,stimuli/tiktok_stim_veryfast_social/diy_bracelets/diy_bracelets_4_giota.creations.mp4,long
F,6,diy_bracelets_5,diy_bracelets,diy bracelet,https://www.tiktok.com/@vivientbob/video/7392629852941208862,15.822,15822,vivientbob,diy_bracelets_5_vivientbob,stimuli/tiktok_stim_veryfast_social/diy_bracelets/diy_bracelets_5_vivientbob.mp4,long
F,6,diy_bracelets_6,diy_bracelets,diy bracelet,https://www.tiktok.com/@wittywhispersco/video/7195165533132639494?q=easy%20bracelet%20tutorial&t=1753544412155,20.895,20895,wittywhispersco,diy_bracelets_6_wittywhispersco,stimuli/tiktok_stim_veryfast_social/diy_bracelets/diy_bracelets_6_wittywhispersco.mp4,long
F,6,diy_bracelets_7,diy_bracelets,bracelet tutorial,https://www.tiktok.com/@coquettemuse/video/7193413473945144622?q=how%20to%20make%20bracelet%20tutorial&t=1753815459324,15.993,15993,coquettemuse,diy_bracelets_7_coquettemuse,stimuli/tiktok_stim_veryfast_social/diy_bracelets/diy_bracelets_7_coquettemuse.mp4,long
F,6,diy_bracelets_8,diy_bracelets,bracelet tutorial,https://www.tiktok.com/@butterfly_bracelets3/video/7332172949044235566?q=how%20to%20bracelet&t=1753205592855,25.169,25169,butterfly_bracelets3,diy_bracelets_8_butterfly_bracelets3,stimuli/tiktok_stim_veryfast_social/diy_bracelets/diy_bracelets_8_butterfly_bracelets3.mp4,long
F,6,diy_bracelets_9,diy_bracelets,how to bracelet,https://www.tiktok.com/@bloomsy.beads/video/7520574588917452054,26.818,26818,bloomsy.beads,diy_bracelets_9_bloomsy.beads,stimuli/tiktok_stim_veryfast_social/diy_bracelets/diy_bracelets_9_bloomsy.beads.mp4,long
G,7,coffee_art_1,coffee_art,coffee art,https://www.tiktok.com/@my.daily.coffee_/video/7376408073319107845?q=latte%20art%20pegasus&t=1755267944984,22.9,22900,my.daily.coffee_,coffee_art_1_my.daily.coffee_,stimuli/tiktok_stim_veryfast_social/coffee_art/coffee_art_1_my.daily.coffee_.mp4,medium
G,7,coffee_art_10,coffee_art,coffee art pour,https://www.tiktok.com/@castironroasters/video/7337373086678797601?q=castironroasters%20art&t=1755264137682,18.889,18889,castironroasters,coffee_art_10_castironroasters,stimuli/tiktok_stim_veryfast_social/coffee_art/coffee_art_10_castironroasters.mp4,medium
G,7,coffee_art_11,coffee_art,coffee art pour,https://www.tiktok.com/@giuseppefiorini87/video/7271684148744473889,26.005,26005,giuseppefiorini87,coffee_art_11_giuseppefiorini87,stimuli/tiktok_stim_veryfast_social/coffee_art/coffee_art_11_giuseppefiorini87.mp4,medium
G,7,coffee_art_12,coffee_art,coffee art pour,https://www.tiktok.com/@dhan_tamang1/video/7171763510400077061?q=coffee%20art%20design&t=1753559256568,18.362,18362,dhan_tamang1,coffee_art_12_dhan_tamang1,stimuli/tiktok_stim_veryfast_social/coffee_art/coffee_art_12_dhan_tamang1.mp4,medium
G,7,coffee_art_2,coffee_art,coffee art,https://www.tiktok.com/@the_latteartist1/video/7528822899222842646?q=coffee%20art&t=1753556212452,21.834,21834,the_latteartist1,coffee_art_2_the_latteartist1,stimuli/tiktok_stim_veryfast_social/coffee_art/coffee_art_2_the_latteartist1.mp4,medium
G,7,coffee_art_3,coffee_art,coffee art,https://www.tiktok.com/@ericjithebarista/video/7530058900855377183?q=latte%20art%20free%20pour&t=1753560069910,24.524,24524,ericjithebarista,coffee_art_3_ericjithebarista,stimuli/tiktok_stim_veryfast_social/coffee_art/coffee_art_3_ericjithebarista.mp4,medium
G,7,coffee_art_4,coffee_art,coffee art,https://www.tiktok.com/@dhc.latte.artist/video/7487917673012104454,25.756,25756,dhc.latte.artist,coffee_art_4_dhc.latte.artist,stimuli/tiktok_stim_veryfast_social/coffee_art/coffee_art_4_dhc.latte.artist.mp4,medium
G,7,coffee_art_5,coffee_art,coffee art,https://www.tiktok.com/@foxee.coffee/video/7430165926647008544,14.512,14512,foxee.coffee,coffee_art_5_foxee.coffee,stimuli/tiktok_stim_veryfast_social/coffee_art/coffee_art_5_foxee.coffee.mp4,medium
G,7,coffee_art_6,coffee_art,coffee art,https://www.tiktok.com/@legato.official/video/7479668471299706119?q=coffee%20art&t=1753556212452,17.814,17814,legato.official,coffee_art_6_legato.official,stimuli/tiktok_stim_veryfast_social/coffee_art/coffee_art_6_legato.official.mp4,medium
G,7,coffee_art_7,coffee_art,coffee art draw,https://www.tiktok.com/@barista_good/video/7437962200599268641?q=coffee%20draw&t=1753558133889,28.676,28676,barista_good,coffee_art_7_barista_good,stimuli/tiktok_stim_veryfast_social/coffee_art/coffee_art_7_barista_good.mp4,medium
G,7,coffee_art_8,coffee_art,coffee art draw,https://www.tiktok.com/@theartofespressoacademy/video/7480776776671677704,25.982,25982,theartofespressoacademy,coffee_art_8_theartofespressoacademy,stimuli/tiktok_stim_veryfast_social/coffee_art/coffee_art_8_theartofespressoacademy.mp4,medium
G,7,coffee_art_9,coffee_art,coffee art pour,https://www.tiktok.com/@zamyscoffee/video/7236877818787810606?q=coffee%20art%20pour&t=1753558311130,15.467,15467,zamyscoffee,coffee_art_9_zamyscoffee,stimuli/tiktok_stim_veryfast_social/coffee_art/coffee_art_9_zamyscoffee.mp4,medium
H,9,piano_1,piano,piano,https://www.tiktok.com/@ayla_traub/video/7525958575328480542?q=piano&t=1752949299737,20.943,20943,ayla_traub,piano_1_ayla_traub,stimuli/tiktok_stim_veryfast_social/piano/piano_1_ayla_traub.mp4,long
H,9,piano_10,piano,piano solo performance,https://www.tiktok.com/@aidensoph/video/7526736295381503287,20.247,20247,aidensoph,piano_10_aidensoph,stimuli/tiktok_stim_veryfast_social/piano/piano_10_aidensoph.mp4,long
H,9,piano_11,piano,piano solo video,https://www.tiktok.com/@giampgemito_piano/video/7471258070648114454,30.789,30789,giampgemito_piano,piano_11_giampgemito_piano,stimuli/tiktok_stim_veryfast_social/piano/piano_11_giampgemito_piano.mp4,long
H,9,piano_12,piano,piano playing classical,https://www.tiktok.com/@matty_music/video/7528247299064007949?q=piano%20playing%20classical&t=1753024620535,28.443,28443,matty_music,piano_12_matty_music,stimuli/tiktok_stim_veryfast_social/piano/piano_12_matty_music.mp4,long
H,9,piano_2,piano,piano songs classics,https://www.tiktok.com/@nesskeyz/video/7147370131486739717,22.174,22174,nesskeyz,piano_2_nesskeyz,stimuli/tiktok_stim_veryfast_social/piano/piano_2_nesskeyz.mp4,long
H,9,piano_3,piano,playing the piano,https://www.tiktok.com/@josiahwadeofficial/video/7307325298016554272,27.317,27317,josiahwadeofficial,piano_3_josiahwadeofficial,stimuli/tiktok_stim_veryfast_social/piano/piano_3_josiahwadeofficial.mp4,long
H,9,piano_4,piano,playing the piano,https://www.tiktok.com/@adridioles/video/7262068322920025390?q=playing%20the%20piano&t=1753020848723,15.046,15046,adridioles,piano_4_adridioles,stimuli/tiktok_stim_veryfast_social/piano/piano_4_adridioles.mp4,long
H,9,piano_5,piano,beautiful piano songs,https://www.tiktok.com/@grette_/video/6879299783983516929,28.792,28792,grette_,piano_5_grette_,stimuli/tiktok_stim_veryfast_social/piano/piano_5_grette_.mp4,long
H,9,piano_6,piano,beautiful piano songs,https://www.tiktok.com/@eugenio3009/video/7487003696002518318,29.512,29512,eugenio3009,piano_6_eugenio3009,stimuli/tiktok_stim_veryfast_social/piano/piano_6_eugenio3009.mp4,long
H,9,piano_7,piano,piano alone,https://www.tiktok.com/@bodenpiano/video/7522540928196791583,26.934,26934,bodenpiano,piano_7_bodenpiano,stimuli/tiktok_stim_veryfast_social/piano/piano_7_bodenpiano.mp4,long
H,9,piano_8,piano,solo piano,https://www.tiktok.com/@pianothings20/video/7388226350848462086,30.255,30255,pianothings20,piano_8_pianothings20,stimuli/tiktok_stim_veryfast_social/piano/piano_8_pianothings20.mp4,long
H,9,piano_9,piano,piano solo performance,https://www.tiktok.com/@bodenstedt/video/7517991850498690326?q=piano%20solo%20performance&t=1753021647751,23.73,23730,bodenstedt,piano_9_bodenstedt,stimuli/tiktok_stim_veryfast_social/piano/piano_9_bodenstedt.mp4,long
I,10,beauty_contouring_1,beauty_contouring,beauty tutorials,https://www.tiktok.com/@daayannesantos/video/7504038707863817477?q=beauty%20tutorial&t=1749760035595,17.46,17460,daayannesantos,beauty_contouring_1_daayannesantos,stimuli/tiktok_stim_veryfast_social/beauty_contouring/beauty_contouring_1_daayannesantos.mp4,short
I,10,beauty_contouring_10,beauty_contouring,face contouring,https://www.tiktok.com/@hannie.skin/video/7486699027224890667?q=face%20contouring&t=1753049662182,15.51,15510,hannie.skin,beauty_contouring_10_hannie.skin,stimuli/tiktok_stim_veryfast_social/beauty_contouring/beauty_contouring_10_hannie.skin.mp4,short
I,10,beauty_contouring_11,beauty_contouring,face contouring,https://www.tiktok.com/@sevvkaur/video/7439032458584100129?q=face%20contouring&t=1753049662182,26.888,26888,sevvkaur,beauty_contouring_11_sevvkaur,stimuli/tiktok_stim_veryfast_social/beauty_contouring/beauty_contouring_11_sevvkaur.mp4,short
I,10,beauty_contouring_12,beauty_contouring,face contouring,https://www.tiktok.com/@supreme11society/video/7398607965214756128?q=face%20contouring&t=1753049662182,15.51,15510,supreme11society,beauty_contouring_12_supreme11society,stimuli/tiktok_stim_veryfast_social/beauty_contouring/beauty_contouring_12_supreme11society.mp4,short
I,10,beauty_contouring_2,beauty_contouring,contouring,https://www.tiktok.com/@ellie_mua/video/7480996670667361558?q=contouring&t=1753033995141,14.186,14186,ellie_mua,beauty_contouring_2_ellie_mua,stimuli/tiktok_stim_veryfast_social/beauty_contouring/beauty_contouring_2_ellie_mua.mp4,short
I,10,beauty_contouring_3,beauty_contouring,contouring,https://www.tiktok.com/@palomahendersonn/video/7507334445196692778?q=contouring&t=1753033995141,27.004,27004,palomahendersonn,beauty_contouring_3_palomahendersonn,stimuli/tiktok_stim_veryfast_social/beauty_contouring/beauty_contouring_3_palomahendersonn.mp4,short
I,10,beauty_contouring_4,beauty_contouring,contouring,https://www.tiktok.com/@yoonsagi/video/7465719157573553454?q=contouring&t=1753033995141,18.916,18916,yoonsagi,beauty_contouring_4_yoonsagi,stimuli/tiktok_stim_veryfast_social/beauty_contouring/beauty_contouring_4_yoonsagi.mp4,short
I,10,beauty_contouring_5,beauty_contouring,contouring,https://www.tiktok.com/@thefashionfreakk/video/7526996723739168031?q=contouring&t=1753033995141,22.267,22267,thefashionfreakk,beauty_contouring_5_thefashionfreakk,stimuli/tiktok_stim_veryfast_social/beauty_contouring/beauty_contouring_5_thefashionfreakk.mp4,short
I,10,beauty_contouring_6,beauty_contouring,contour,https://www.tiktok.com/@aishapotters/video/7491358824541080854?q=contour&t=1753046901655,21.64,21640,aishapotters,beauty_contouring_6_aishapotters,stimuli/tiktok_stim_veryfast_social/beauty_contouring/beauty_contouring_6_aishapotters.mp4,short
I,10,beauty_contouring_7,beauty_contouring,contour,https://www.tiktok.com/@worldofmaya/video/7523787542152383775?q=contour%20hack&t=1753047105048,19.039,19039,worldofmaya,beauty_contouring_7_worldofmaya,stimuli/tiktok_stim_veryfast_social/beauty_contouring/beauty_contouring_7_worldofmaya.mp4,short
I,10,beauty_contouring_8,beauty_contouring,contour hack,https://www.tiktok.com/@melisekrem/video/7459481563646987553?q=contour%20hack&t=1753047105048,16.532,16532,melisekrem,beauty_contouring_8_melisekrem,stimuli/tiktok_stim_veryfast_social/beauty_contouring/beauty_contouring_8_melisekrem.mp4,short
I,10,beauty_contouring_9,beauty_contouring,contour 101,https://www.tiktok.com/@rachelgwilson/video/7405395993853725998?q=contour%20101&t=1753472226164,24.2,24200,rachelgwilson,beauty_contouring_9_rachelgwilson,stimuli/tiktok_stim_veryfast_social/beauty_contouring/beauty_contouring_9_rachelgwilson.mp4,short
J,11,ceramics_1,ceramics,pottery wheel,https://www.tiktok.com/@fraugusteyung/video/7332196140848352555,13.258,13258,fraugusteyung,ceramics_1_fraugusteyung,stimuli/tiktok_stim_veryfast_social/ceramics/ceramics_1_fraugusteyung.mp4,medium
J,11,ceramics_10,ceramics,ceramics spinning,https://www.tiktok.com/@mollymakespottery/video/7394168851220434219?q=ceramics%20spinning&t=1752867889795,19.852,19852,mollymakespottery,ceramics_10_mollymakespottery,stimuli/tiktok_stim_veryfast_social/ceramics/ceramics_10_mollymakespottery.mp4,medium
J,11,ceramics_11,ceramics,ceramics spinning,https://www.tiktok.com/@tommyaceramics/video/7205868109163531562?q=pottery%20studio%20throwing&t=1753479576565,23.66,23660,tommyaceramics,ceramics_11_tommyaceramics,stimuli/tiktok_stim_veryfast_social/ceramics/ceramics_11_tommyaceramics.mp4,medium
J,11,ceramics_12,ceramics,ceramics spinning,https://www.tiktok.com/@whatarush.pots/video/7429057743652261166,21.71,21710,whatarush.pots,ceramics_12_whatarush.pots,stimuli/tiktok_stim_veryfast_social/ceramics/ceramics_12_whatarush.pots.mp4,medium
J,11,ceramics_2,ceramics,pottery wheel,https://www.tiktok.com/@nathanandclay/video/7330472323331394847,27.008,27008,nathanandclay,ceramics_2_nathanandclay,stimuli/tiktok_stim_veryfast_social/ceramics/ceramics_2_nathanandclay.mp4,medium
J,11,ceramics_3,ceramics,pottery wheel,https://www.tiktok.com/@happyhandspotteryart/video/7377415641332026625?q=pottery%20session&t=1753479301081,26.069,26069,happyhandspotteryart,ceramics_3_happyhandspotteryart,stimuli/tiktok_stim_veryfast_social/ceramics/ceramics_3_happyhandspotteryart.mp4,medium
J,11,ceramics_4,ceramics,pottery wheel,https://www.tiktok.com/@kelsrfloyd/video/7527368629013318943,16.137,16137,kelsrfloyd,ceramics_4_kelsrfloyd,stimuli/tiktok_stim_veryfast_social/ceramics/ceramics_4_kelsrfloyd.mp4,medium
J,11,ceramics_5,ceramics,pottery wheel,https://www.tiktok.com/@potteryplease/video/7479433147537542442?q=pottery%20wheel&t=1752866026877,18.645,18645,potteryplease,ceramics_5_potteryplease,stimuli/tiktok_stim_veryfast_social/ceramics/ceramics_5_potteryplease.mp4,medium
J,11,ceramics_6,ceramics,pottery wheel,https://www.tiktok.com/@haven.tunin/video/7119100897069747498?q=pottery%20wheel&t=1752866026877,21.377,21377,haven.tunin,ceramics_6_haven.tunin,stimuli/tiktok_stim_veryfast_social/ceramics/ceramics_6_haven.tunin.mp4,medium
J,11,ceramics_7,ceramics,ceramics throwing,https://www.tiktok.com/@teagan.a.art/video/7484478152652213535?q=ceramics%20throwing&t=1752866525405,28.699,28699,teagan.a.art,ceramics_7_teagan.a.art,stimuli/tiktok_stim_veryfast_social/ceramics/ceramics_7_teagan.a.art.mp4,medium
J,11,ceramics_8,ceramics,ceramics throwing,https://www.tiktok.com/@ally_wong/video/7527507837979839774?q=ceramics%20throwing&t=1752866525405,21.491,21491,ally_wong,ceramics_8_ally_wong,stimuli/tiktok_stim_veryfast_social/ceramics/ceramics_8_ally_wong.mp4,medium
J,11,ceramics_9,ceramics,ceramics,https://www.tiktok.com/@__kemma/video/7349426785525746945?q=pottery%20session&t=1753479301081,23.652,23652,__kemma,ceramics_9___kemma,stimuli/tiktok_stim_veryfast_social/ceramics/ceramics_9___kemma.mp4,medium
K,12,travel_1,travel,one day itinerary travel,https://www.tiktok.com/@meexploringtheworld15/video/7156647635334548742?q=1%20day%20itinerary%20world&t=1753754182255,23.989,23989,meexploringtheworld15,travel_1_meexploringtheworld15,stimuli/tiktok_stim_veryfast_social/travel/travel_1_meexploringtheworld15.mp4,long
K,12,travel_10,travel,one day itinerary in city,https://www.tiktok.com/@ryjhrthgr/video/7441047282570546463?q=1-%20day%20itinerary%20Brussels&t=1753733793654,16.834,16834,ryjhrthgr,travel_10_ryjhrthgr,stimuli/tiktok_stim_veryfast_social/travel/travel_10_ryjhrthgr.mp4,long
K,12,travel_11,travel,one day itinerary in city,https://www.tiktok.com/@sbrenn_123/video/7476296391166430510?q=1-%20day%20itinerary%20capri&t=1753735231244,18.505,18505,sbrenn_123,travel_11_sbrenn_123,stimuli/tiktok_stim_veryfast_social/travel/travel_11_sbrenn_123.mp4,long
K,12,travel_12,travel,one day itinerary in city,https://www.tiktok.com/@yvetteinswitz/video/7356581843514281233,27.422,27422,yvetteinswitz,travel_12_yvetteinswitz,stimuli/tiktok_stim_veryfast_social/travel/travel_12_yvetteinswitz.mp4,long
K,12,travel_2,travel,1 day itinerary city,https://www.tiktok.com/@dens_destinations/video/7270553081631214880?q=1%20day%20itinerary%20city%20country&t=1753796517096,23.242,23242,dens_destinations,travel_2_dens_destinations,stimuli/tiktok_stim_veryfast_social/travel/travel_2_dens_destinations.mp4,long
K,12,travel_3,travel,one day itinerary in city,https://www.tiktok.com/@sydneyguide/video/7321944610073300232?q=1-%20day%20itinerary%20sydney&t=1753726816359,27.538,27538,sydneyguide,travel_3_sydneyguide,stimuli/tiktok_stim_veryfast_social/travel/travel_3_sydneyguide.mp4,long
K,12,travel_4,travel,one day itinerary in city,https://www.tiktok.com/@betchbebuying/video/7426438890967436590?q=1-%20day%20itinerary%20chicago&t=1753726895177,19.132,19132,betchbebuying,travel_4_betchbebuying,stimuli/tiktok_stim_veryfast_social/travel/travel_4_betchbebuying.mp4,long
K,12,travel_5,travel,one day itinerary in city,https://www.tiktok.com/@mfmaron/video/7503308585363918135?q=one%20day%20itinerary%20hvar&t=1755221346346,18.83,18830,mfmaron,travel_5_mfmaron,stimuli/tiktok_stim_veryfast_social/travel/travel_5_mfmaron.mp4,long
K,12,travel_6,travel,one day itinerary in city,https://www.tiktok.com/@charlottestravel/video/7441324651457842465?q=1-%20day%20itinerary%20prague&t=1753727152926,21.617,21617,charlottestravel,travel_6_charlottestravel,stimuli/tiktok_stim_veryfast_social/travel/travel_6_charlottestravel.mp4,long
K,12,travel_7,travel,one day itinerary in city,https://www.tiktok.com/@adele.jack/video/7431701143517990161?q=one%20day%20itinerary%20madrid&t=1753745983809,23.66,23660,adele.jack,travel_7_adele.jack,stimuli/tiktok_stim_veryfast_social/travel/travel_7_adele.jack.mp4,long
K,12,travel_8,travel,one day itinerary in city,https://www.tiktok.com/@yourwanderingbff/video/7146289896548879662?q=1-%20day%20itinerary%20glasgow&t=1753728167287,23.156,23156,yourwanderingbff,travel_8_yourwanderingbff,stimuli/tiktok_stim_veryfast_social/travel/travel_8_yourwanderingbff.mp4,long
K,12,travel_9,travel,one day itinerary in africa,https://www.tiktok.com/@sophieannenadeau/video/7293435453733178656?q=1-%20day%20itinerary%20hamburg&t=1753733718426,27.654,27654,sophieannenadeau,travel_9_sophieannenadeau,stimuli/tiktok_stim_veryfast_social/travel/travel_9_sophieannenadeau.mp4,long
L,13,skateboarding_1,skateboarding,skateboarding bowl,https://www.tiktok.com/@ramptech/video/7179422448352251178?q=skateboarding%20bowl&t=1749828149400,28.443,28443,ramptech,skateboarding_1_ramptech,stimuli/tiktok_stim_veryfast_social/skateboarding/skateboarding_1_ramptech.mp4,medium
L,13,skateboarding_10,skateboarding,skateboarding bowl,https://www.tiktok.com/@heshbrowns6/video/7318958308717628718,20.874,20874,heshbrowns6,skateboarding_10_heshbrowns6,stimuli/tiktok_stim_veryfast_social/skateboarding/skateboarding_10_heshbrowns6.mp4,medium
L,13,skateboarding_11,skateboarding,skateboarding bowl,https://www.tiktok.com/@tobyturtlez/video/7443470003413765407?lang=en&q=skateboarding%20bowls&t=1752942703275,21.71,21710,tobyturtlez,skateboarding_11_tobyturtlez,stimuli/tiktok_stim_veryfast_social/skateboarding/skateboarding_11_tobyturtlez.mp4,medium
L,13,skateboarding_12,skateboarding,skateboarding bowl,https://www.tiktok.com/@vitorcolibri/video/7375997093653073157?lang=en&q=skateboarding%20bowls&t=1752942703275,21.478,21478,vitorcolibri,skateboarding_12_vitorcolibri,stimuli/tiktok_stim_veryfast_social/skateboarding/skateboarding_12_vitorcolibri.mp4,medium
L,13,skateboarding_2,skateboarding,skateboarding bowl,https://www.tiktok.com/@coastblvd/video/7226533879383952642?q=skateboarding%20bowl&t=1749828149400,16.346,16346,coastblvd,skateboarding_2_coastblvd,stimuli/tiktok_stim_veryfast_social/skateboarding/skateboarding_2_coastblvd.mp4,medium
L,13,skateboarding_3,skateboarding,skateboarding bowl,https://www.tiktok.com/@houseofskateclips/video/7314024542517693742?q=skateboarding%20bowl&t=1752938907976,23.567,23567,houseofskateclips,skateboarding_3_houseofskateclips,stimuli/tiktok_stim_veryfast_social/skateboarding/skateboarding_3_houseofskateclips.mp4,medium
L,13,skateboarding_4,skateboarding,skateboarding bowl,https://www.tiktok.com/@westoncaldwell_/video/7522215238159174943?q=skateboarding%20bowl&t=1752938907976,24.287,24287,westoncaldwell_,skateboarding_4_westoncaldwell_,stimuli/tiktok_stim_veryfast_social/skateboarding/skateboarding_4_westoncaldwell_.mp4,medium
L,13,skateboarding_5,skateboarding,skate bowl,https://www.tiktok.com/@whyyoudothatkai/video/7434788597535952170?q=skate%20bowl&t=1752939386295,15.626,15626,whyyoudothatkai,skateboarding_5_whyyoudothatkai,stimuli/tiktok_stim_veryfast_social/skateboarding/skateboarding_5_whyyoudothatkai.mp4,medium
L,13,skateboarding_6,skateboarding,skate bowl,https://www.tiktok.com/@_skatewizard/video/7259239697954802990?q=skate%20bowl%20woman&t=1752939673487,23.428,23428,_skatewizard,skateboarding_6__skatewizard,stimuli/tiktok_stim_veryfast_social/skateboarding/skateboarding_6__skatewizard.mp4,medium
L,13,skateboarding_7,skateboarding,skate bowl,https://www.tiktok.com/@reginalisaa/video/7153304877261770026?q=skate%20bowl%20woman&t=1752939673487,14.976,14976,reginalisaa,skateboarding_7_reginalisaa,stimuli/tiktok_stim_veryfast_social/skateboarding/skateboarding_7_reginalisaa.mp4,medium
L,13,skateboarding_8,skateboarding,girls skate bowl,https://www.tiktok.com/@cassieewood/video/6898139906716093701?lang=en&q=girl%20skate%20park&t=1752941166338,16.417,16417,cassieewood,skateboarding_8_cassieewood,stimuli/tiktok_stim_veryfast_social/skateboarding/skateboarding_8_cassieewood.mp4,medium
L,13,skateboarding_9,skateboarding,skateboarding bowl,https://www.tiktok.com/@boofpackk/video/6811213356435918086?lang=en&q=skateboarding%20bowl&t=1752941827164,25.2,25200,boofpackk,skateboarding_9_boofpackk,stimuli/tiktok_stim_veryfast_social/skateboarding/skateboarding_9_boofpackk.mp4,medium
M,14,workout_1,workout,30-minute workout,https://www.tiktok.com/@jadesarah99/video/7344832884471074066?q=30-minute%20full%20workout&t=1753214592890,26.818,26818,jadesarah99,workout_1_jadesarah99,stimuli/tiktok_stim_veryfast_social/workout/workout_1_jadesarah99.mp4,long
M,14,workout_10,workout,full body workout in 30,https://www.tiktok.com/@rossblakemanfitness/video/7106575890708090158?q=30-minute%20workout%20man&t=1753213826857,19.759,19759,rossblakemanfitness,workout_10_rossblakemanfitness,stimuli/tiktok_stim_veryfast_social/workout/workout_10_rossblakemanfitness.mp4,long
M,14,workout_11,workout,full body workout in 30,https://www.tiktok.com/@nikizoub/video/7191921120986156334?q=full%20body%20workout%20in%2030&t=1753537834745,22.453,22453,nikizoub,workout_11_nikizoub,stimuli/tiktok_stim_veryfast_social/workout/workout_11_nikizoub.mp4,long
M,14,workout_12,workout,full body workout in 30,https://www.tiktok.com/@trainwithseanharris/video/7439505547193339182,34.527,34527,trainwithseanharris,workout_12_trainwithseanharris,stimuli/tiktok_stim_veryfast_social/workout/workout_12_trainwithseanharris.mp4,long
M,14,workout_2,workout,30-minute workout,https://www.tiktok.com/@maiahenryfit/video/7325871031988522283?q=30-minute%20full%20workout&t=1753214592890,30.139,30139,maiahenryfit,workout_2_maiahenryfit,stimuli/tiktok_stim_veryfast_social/workout/workout_2_maiahenryfit.mp4,long
M,14,workout_3,workout,30-minute workout,https://www.tiktok.com/@sarahmagusara/video/7363767038914956561?q=30-minute%20workout&t=1753211873222,21.965,21965,sarahmagusara,workout_3_sarahmagusara,stimuli/tiktok_stim_veryfast_social/workout/workout_3_sarahmagusara.mp4,long
M,14,workout_4,workout,30-minute workout,https://www.tiktok.com/@bregachne_/video/7246477486329007402?q=30-minute%20workout&t=1753211873222,21.895,21895,bregachne_,workout_4_bregachne_,stimuli/tiktok_stim_veryfast_social/workout/workout_4_bregachne_.mp4,long
M,14,workout_5,workout,30-minute workout,https://www.tiktok.com/@naireekiana/video/7349200378145148166?q=30-minute%20workout&t=1753211873222,26.944,26944,naireekiana,workout_5_naireekiana,stimuli/tiktok_stim_veryfast_social/workout/workout_5_naireekiana.mp4,long
M,14,workout_6,workout,30-minute workout,https://www.tiktok.com/@aubriandliv/video/7512568473805917470?q=30-minute%20workout&t=1753211873222,29.4,29400,aubriandliv,workout_6_aubriandliv,stimuli/tiktok_stim_veryfast_social/workout/workout_6_aubriandliv.mp4,long
M,14,workout_7,workout,30-minute workout,https://www.tiktok.com/@joebronston/video/7395331570053270827?q=30-minute%20full%20body%20workout%20men&t=1753212462182,18.157,18157,joebronston,workout_7_joebronston,stimuli/tiktok_stim_veryfast_social/workout/workout_7_joebronston.mp4,long
M,14,workout_8,workout,30-minute workout,https://www.tiktok.com/@omar.hiit/video/7302981164908727582?q=30%20minute%20workout%20men&t=1753212733091,29.697,29697,omar.hiit,workout_8_omar.hiit,stimuli/tiktok_stim_veryfast_social/workout/workout_8_omar.hiit.mp4,long
M,14,workout_9,workout,30-minute workout,https://www.tiktok.com/@drayyofficial/video/7387788050186767646?q=30%20minute%20workout%20men&t=1753212733091,28.002,28002,drayyofficial,workout_9_drayyofficial,stimuli/tiktok_stim_veryfast_social/workout/workout_9_drayyofficial.mp4,long
N,15,art_1,art,painting time lapse,https://www.tiktok.com/@artnromancemami/video/7210142655844535598?q=painting%20timelapse&t=1753231455519,26.981,26981,artnromancemami,art_1_artnromancemami,stimuli/tiktok_stim_veryfast_social/art/art_1_artnromancemami.mp4,short
N,15,art_10,art,painting start to finish,https://www.tiktok.com/@yazziiecat/video/6923427067161873670?q=art%20timelapse&t=1757355652677,25.889,25889,yazziiecat,art_10_yazziiecat,stimuli/tiktok_stim_veryfast_social/art/art_10_yazziiecat.mp4,short
N,15,art_11,art,art painting process,https://www.tiktok.com/@artbyjearelyn/video/7519127632085060872?lang=en&q=art%20painting%20process&t=1753298997128,24.891,24891,artbyjearelyn,art_11_artbyjearelyn,stimuli/tiktok_stim_veryfast_social/art/art_11_artbyjearelyn.mp4,short
N,15,art_12,art,art painting process,https://www.tiktok.com/@miguelsart8/video/7528588919802203422?lang=en&q=art%20painting%20process&t=1753298997128,18.482,18482,miguelsart8,art_12_miguelsart8,stimuli/tiktok_stim_veryfast_social/art/art_12_miguelsart8.mp4,short
N,15,art_2,art,painting time lapse,https://www.tiktok.com/@elizabethcraddock/video/7512131488695979295,18.227,18227,elizabethcraddock,art_2_elizabethcraddock,stimuli/tiktok_stim_veryfast_social/art/art_2_elizabethcraddock.mp4,short
N,15,art_3,art,art painting time lapse,https://www.tiktok.com/@marinarose.artstudio/video/6922446344774749445,17.066,17066,marinarose.artstudio,art_3_marinarose.artstudio,stimuli/tiktok_stim_veryfast_social/art/art_3_marinarose.artstudio.mp4,short
N,15,art_4,art,painting progression,https://www.tiktok.com/@gwyns_art_hall/video/7527026974141746446?lang=en&q=paint%20time%20lapse&t=1753539877312,16.601,16601,gwyns_art_hall,art_4_gwyns_art_hall,stimuli/tiktok_stim_veryfast_social/art/art_4_gwyns_art_hall.mp4,short
N,15,art_5,art,painting art,https://www.tiktok.com/@julia_brevetti/video/7509883493644586296,18.97,18970,julia_brevetti,art_5_julia_brevetti,stimuli/tiktok_stim_veryfast_social/art/art_5_julia_brevetti.mp4,short
N,15,art_6,art,painting art,https://www.tiktok.com/@henryxpieces/video/7282770805866401067?lang=en&q=painting%20art&t=1753297515771,14.72,14720,henryxpieces,art_6_henryxpieces,stimuli/tiktok_stim_veryfast_social/art/art_6_henryxpieces.mp4,short
N,15,art_7,art,painting art,https://www.tiktok.com/@nikitarosalind/video/7083630282494070058?lang=en&q=painting%20art&t=1753297515771,15.069,15069,nikitarosalind,art_7_nikitarosalind,stimuli/tiktok_stim_veryfast_social/art/art_7_nikitarosalind.mp4,short
N,15,art_8,art,painting art,https://www.tiktok.com/@miaghogho/video/7379338673160015147?lang=en,21.292,21292,miaghogho,art_8_miaghogho,stimuli/tiktok_stim_veryfast_social/art/art_8_miaghogho.mp4,short
N,15,art_9,art,painting start to finish,https://www.tiktok.com/@enzo.jung_/video/7515035181216992534?lang=en&q=painting%20start%20to%20finish&t=1753298056479,32.298,32298,enzo.jung_,art_9_enzo.jung_,stimuli/tiktok_stim_veryfast_social/art/art_9_enzo.jung_.mp4,short
O,16,rock_climbing_1,rock_climbing,rock climbing,https://www.tiktok.com/@ronan.mendoza/video/7516981754721340703,19.991,19991,ronan.mendoza,rock_climbing_1_ronan.mendoza,stimuli/tiktok_stim_veryfast_social/rock_climbing/rock_climbing_1_ronan.mendoza.mp4,long
O,16,rock_climbing_10,rock_climbing,indoor rock climbing,https://www.tiktok.com/@katiegambier/video/7527424277251886358?q=indoor%20rock%20climbing&t=1752944734245,21.06,21060,katiegambier,rock_climbing_10_katiegambier,stimuli/tiktok_stim_veryfast_social/rock_climbing/rock_climbing_10_katiegambier.mp4,long
O,16,rock_climbing_11,rock_climbing,indoor rock climbing,https://www.tiktok.com/@bouldering.nation/video/7447939319622323489?q=indoor%20rock%20climbing&t=1752944734245,25.467,25467,bouldering.nation,rock_climbing_11_bouldering.nation,stimuli/tiktok_stim_veryfast_social/rock_climbing/rock_climbing_11_bouldering.nation.mp4,long
O,16,rock_climbing_12,rock_climbing,indoor rock climbing,https://www.tiktok.com/@justwomenssports/video/7502144459321167109?lang=en,12.7,12700,justwomenssports,rock_climbing_12_justwomenssports,stimuli/tiktok_stim_veryfast_social/rock_climbing/rock_climbing_12_justwomenssports.mp4,long
O,16,rock_climbing_2,rock_climbing,rock climbing,https://www.tiktok.com/@antodbr/video/7532866394489212182?q=indoor%20rock%20climbing%20man&t=1754238951347,26.924,26924,antodbr,rock_climbing_2_antodbr,stimuli/tiktok_stim_veryfast_social/rock_climbing/rock_climbing_2_antodbr.mp4,long
O,16,rock_climbing_3,rock_climbing,rock climbing gym,https://www.tiktok.com/@quynhiethepooh/video/7294082494771580206?q=indoor%20rock%20climbing&t=1753542368334,30.115,30115,quynhiethepooh,rock_climbing_3_quynhiethepooh,stimuli/tiktok_stim_veryfast_social/rock_climbing/rock_climbing_3_quynhiethepooh.mp4,long
O,16,rock_climbing_4,rock_climbing,rock climbing gym,https://www.tiktok.com/@conbonclimbz/video/7514769992873741599?q=rock%20climbing%20gym&t=1749829451928,24.217,24217,conbonclimbz,rock_climbing_4_conbonclimbz,stimuli/tiktok_stim_veryfast_social/rock_climbing/rock_climbing_4_conbonclimbz.mp4,long
O,16,rock_climbing_5,rock_climbing,rock climbing gym,https://www.tiktok.com/@sophia_halley/video/7352988809425997088,31.289,31289,sophia_halley,rock_climbing_5_sophia_halley,stimuli/tiktok_stim_veryfast_social/rock_climbing/rock_climbing_5_sophia_halley.mp4,long
O,16,rock_climbing_6,rock_climbing,rock climbing gym,https://www.tiktok.com/@anthony.tika/video/7522987107946728759?q=rock%20climbing%20gym&t=1752944275187,27.914,27914,anthony.tika,rock_climbing_6_anthony.tika,stimuli/tiktok_stim_veryfast_social/rock_climbing/rock_climbing_6_anthony.tika.mp4,long
O,16,rock_climbing_7,rock_climbing,rock climbing gym,https://www.tiktok.com/@satoshistrength/video/7498867018620357910?q=rock%20climbing%20gym%20man&t=1754239870947,15.334,15334,satoshistrength,rock_climbing_7_satoshistrength,stimuli/tiktok_stim_veryfast_social/rock_climbing/rock_climbing_7_satoshistrength.mp4,long
O,16,rock_climbing_8,rock_climbing,indoor rock climbing,https://www.tiktok.com/@henry_lovegrove/video/7460534046108503328?q=indoor%20rock%20climbing&t=1752944734245,14.568,14568,henry_lovegrove,rock_climbing_8_henry_lovegrove,stimuli/tiktok_stim_veryfast_social/rock_climbing/rock_climbing_8_henry_lovegrove.mp4,long
O,16,rock_climbing_9,rock_climbing,indoor rock climbing,https://www.tiktok.com/@alex.snyder37/video/7524424173809143095?q=indoor%20rock%20climbing&t=1752944734245,23.474,23474,alex.snyder37,rock_climbing_9_alex.snyder37,stimuli/tiktok_stim_veryfast_social/rock_climbing/rock_climbing_9_alex.snyder37.mp4,long
P,17,kitchen_renovations_1,kitchen_renovations,home renovations before after,https://www.tiktok.com/@tanyacorinne/video/7476850395197754667?q=home%20renovations%20before%20after&t=1749829672456,18.412,18412,tanyacorinne,kitchen_renovations_1_tanyacorinne,stimuli/tiktok_stim_veryfast_social/kitchen_renovations/kitchen_renovations_1_tanyacorinne.mp4,short
P,17,kitchen_renovations_10,kitchen_renovations,kitchen transformation before after,https://www.tiktok.com/@themarshhfamily/video/7400117411996994862?q=kitchen%20transformation%20before%20after&t=1752948741618,15.069,15069,themarshhfamily,kitchen_renovations_10_themarshhfamily,stimuli/tiktok_stim_veryfast_social/kitchen_renovations/kitchen_renovations_10_themarshhfamily.mp4,short
P,17,kitchen_renovations_11,kitchen_renovations,kitchen transformation before after,https://www.tiktok.com/@mydiycasa/video/7216158637495094574?q=kitchen%20transformation%20before%20after&t=1752948741618,21.478,21478,mydiycasa,kitchen_renovations_11_mydiycasa,stimuli/tiktok_stim_veryfast_social/kitchen_renovations/kitchen_renovations_11_mydiycasa.mp4,short
P,17,kitchen_renovations_12,kitchen_renovations,kitchen transformation before after,https://www.tiktok.com/@amyitsme/video/7479110716323073311?q=kitchen%20transformation%20before%20after&t=1752948741618,16.183,16183,amyitsme,kitchen_renovations_12_amyitsme,stimuli/tiktok_stim_veryfast_social/kitchen_renovations/kitchen_renovations_12_amyitsme.mp4,short
P,17,kitchen_renovations_2,kitchen_renovations,kitchen before/after,https://www.tiktok.com/@jensgatheringnest/video/7397434665574960414?q=kitchen%20before%2Fafter&t=1752945909258,15.603,15603,jensgatheringnest,kitchen_renovations_2_jensgatheringnest,stimuli/tiktok_stim_veryfast_social/kitchen_renovations/kitchen_renovations_2_jensgatheringnest.mp4,short
P,17,kitchen_renovations_3,kitchen_renovations,home renovations before after,https://www.tiktok.com/@renovatinglindes/video/7451305744583920902?q=home%20renovations%20before%20after&t=1749829672456,19.248,19248,renovatinglindes,kitchen_renovations_3_renovatinglindes,stimuli/tiktok_stim_veryfast_social/kitchen_renovations/kitchen_renovations_3_renovatinglindes.mp4,short
P,17,kitchen_renovations_4,kitchen_renovations,kitchen transformation,https://www.tiktok.com/@abbie_stone/video/7433091380185943338?q=kitchen%20before%2Fafter&t=1752945909258,17.275,17275,abbie_stone,kitchen_renovations_4_abbie_stone,stimuli/tiktok_stim_veryfast_social/kitchen_renovations/kitchen_renovations_4_abbie_stone.mp4,short
P,17,kitchen_renovations_5,kitchen_renovations,kitchen transformation,https://www.tiktok.com/@bethanycarmichael_/video/7179415563666574598?q=kitchen%20transformation&t=1752946527679,12.933,12933,bethanycarmichael_,kitchen_renovations_5_bethanycarmichael_,stimuli/tiktok_stim_veryfast_social/kitchen_renovations/kitchen_renovations_5_bethanycarmichael_.mp4,short
P,17,kitchen_renovations_6,kitchen_renovations,kitchen before after,https://www.tiktok.com/@vanessajfrancis/video/7306548958157999365?q=kitchen%20before%20after&t=1752947026550,13.699,13699,vanessajfrancis,kitchen_renovations_6_vanessajfrancis,stimuli/tiktok_stim_veryfast_social/kitchen_renovations/kitchen_renovations_6_vanessajfrancis.mp4,short
P,17,kitchen_renovations_7,kitchen_renovations,kitchen before after,https://www.tiktok.com/@themichiganbroker/video/7331000522616491310?q=kitchen%20before%20after&t=1752947026550,18.807,18807,themichiganbroker,kitchen_renovations_7_themichiganbroker,stimuli/tiktok_stim_veryfast_social/kitchen_renovations/kitchen_renovations_7_themichiganbroker.mp4,short
P,17,kitchen_renovations_8,kitchen_renovations,kitchen before after,https://www.tiktok.com/@thesurreyrenovation/video/7475084702446046486?q=kitchen%20before%20after&t=1752947026550,15.603,15603,thesurreyrenovation,kitchen_renovations_8_thesurreyrenovation,stimuli/tiktok_stim_veryfast_social/kitchen_renovations/kitchen_renovations_8_thesurreyrenovation.mp4,short
P,17,kitchen_renovations_9,kitchen_renovations,kitchen reveal,https://www.tiktok.com/@staging_spaces/video/7487706404900425015?q=kitchen%20reveal&t=1752948083472,19.341,19341,staging_spaces,kitchen_renovations_9_staging_spaces,stimuli/tiktok_stim_veryfast_social/kitchen_renovations/kitchen_renovations_9_staging_spaces.mp4,short
R,18,ai_recreation_1,ai_recreation,asking ai to show me ancient civilization,https://www.tiktok.com/@ancientvisionsai/video/7440205130512846113?q=asking%20ai%20to%20show%20me%20empire&t=1757262955788,18.598,18598,ancientvisionsai,ai_recreation_1_ancientvisionsai,stimuli/tiktok_stim_veryfast_social/demos/first_demo_stim/ai_recreation_1_ancientvisionsai.mp4,demo
S,19,plants_1,plants,houseplant tour,https://www.tiktok.com/@thehappysprig/video/7521782021924867383?q=houseplant%20tour&t=1754690642602,20.131,20131,thehappysprig,plants_1_thehappysprig,stimuli/tiktok_stim_veryfast_social/demos/first_demo_stim/plants_1_thehappysprig.mp4,demo
T,20,forging_1,forging,hand forging,https://www.tiktok.com/@blacksmithingmaster/video/7501143969456295210,13.885,13885,blacksmithingmaster,forging_1_blacksmithingmaster,stimuli/tiktok_stim_veryfast_social/demos/first_demo_stim/forging_1_blacksmithingmaster.mp4,demo
U,21,ootd_1,ootd,outfit of the day,https://www.tiktok.com/@lynnwisseh_/video/7513320230412651806?q=outfit%20of%20the%20day&t=1753029671133,14.471,14471,lynnwisseh_,ootd_1_lynnwisseh_,stimuli/tiktok_stim_veryfast_social/demos/first_demo_stim/ootd_1_lynnwisseh_.mp4,demo
V,22,trapeze_1,trapeze,aerial trapeze,https://www.tiktok.com/@hopechulka/video/7564210155496213815?q=aerial%20trapeze&t=1762124551264,15.7,15700,hopechulka,trapeze_1_hopechulka,stimuli/tiktok_stim_veryfast_social/demos/first_demo_stim/trapeze_1_hopechulka.mp4,demo
W,23,squegee_1,squeegee,window squeegee,https://www.tiktok.com/@zaynethewindowguy/video/7506915668898467114?q=window%20squeegee&t=1762128880567 ,23.265,23265,zaynethewindowguy,squeegee_1_zaynethewindowguy,stimuli/tiktok_stim_veryfast_social/demos/first_demo_stim/squeegee_1_zaynethewindowguy.mp4,demo
X,24,hydrodip_1,hydrodip,hydropdipping tumbler,https://www.tiktok.com/@sbub20/video/6907661047742614790?q=hydro%20dipping%20tumbler&t=1754761178749,11.864,11864,sbub20,hydrodip_1_sbub20,stimuli/tiktok_stim_veryfast_social/demos/hydrodip/hydrodip_1_sbub20.mp4,demo
X,24,hydrodip_2,hydrodip,hydropdipping tumbler,https://www.tiktok.com/@perfectharmonydesign/video/6879493120099126533?q=hydro%20dipping%20tumbler&t=1754761178749,15.812,15812,perfectharmonydesign,hydrodip_2_perfectharmonydesign,stimuli/tiktok_stim_veryfast_social/demos/hydrodip/hydrodip_2_perfectharmonydesign.mp4,demo
X,24,hydrodip_3,hydrodip,hydropdipping tumbler,https://www.tiktok.com/@melissastumblers/video/6989004719125482758?q=hydrodip%20tumbler&t=1754761351959,24.31,24310,melissastumblers,hydrodip_3_melissastumblers,stimuli/tiktok_stim_veryfast_social/demos/hydrodip/hydrodip_3_melissastumblers.mp4,demo
X,24,hydrodip_4,hydrodip,hydropdipping tumbler,https://www.tiktok.com/@afterlife_industries/video/7361862463706664238?q=hydrodip%20tumbler&t=1754761351959,28.821,28821,afterlife_industries,hydrodip_4_afterlife_industries,stimuli/tiktok_stim_veryfast_social/demos/hydrodip/hydrodip_4_afterlife_industries.mp4,demo
X,24,hydrodip_5,hydrodip,hydropdipping tumbler,https://www.tiktok.com/@bekindbecustom/video/7055871187049762095?q=bekind%20tumbler%20hydrodip&t=1754775406681,15.87,15870,bekindbecustom,hydrodip_5_bekindbecustom,stimuli/tiktok_stim_veryfast_social/demos/hydrodip/hydrodip_5_bekindbecustom.mp4,demo
X,24,hydrodip_6,hydrodip,hydropdipping tumbler,https://www.tiktok.com/@annaliamandco/video/6885365081404673285?q=hydro%20dipping%20flask&t=1754764303788,21.812,21812,annaliamandco,hydrodip_6_annaliamandco,stimuli/tiktok_stim_veryfast_social/demos/hydrodip/hydrodip_6_annaliamandco.mp4,demo
Y,25,cars_1,cars,aston martin,https://www.tiktok.com/@officialnovitec/video/7407701771545513248,13.745,13745,officialnovitec,cars_1_officialnovitec,stimuli/tiktok_stim_veryfast_social/demos/cars/cars_1_officialnovitec.mp4,demo
Y,25,cars_2,cars,lamborghini,https://www.tiktok.com/@luxury.speed/video/7475003858863885599?q=lamborghini%20car&t=1754688333790,15.347,15347,luxury.speed,cars_2_luxury.speed,stimuli/tiktok_stim_veryfast_social/demos/cars/cars_2_luxury.speed.mp4,demo
Y,25,cars_3,cars,ferrari,https://www.tiktok.com/@creativebespoke/video/7535916459311009054?q=mclaren%20car&t=1754688395452,18.389,18389,creativebespoke,cars_3_creativebespoke,stimuli/tiktok_stim_veryfast_social/demos/cars/cars_3_creativebespoke.mp4,demo
Y,25,cars_4,cars,mclaren,https://www.tiktok.com/@supercarsworldwide_/video/7501940847328431403?q=bugatti%20car&t=1754688419684,12.631,12631,supercarsworldwide_,cars_4_supercarsworldwide_,stimuli/tiktok_stim_veryfast_social/demos/cars/cars_4_supercarsworldwide_.mp4,demo
Y,25,cars_5,cars,bugatti,https://www.tiktok.com/@luke78491/video/7329287747833826592?q=green%20sports%20car&t=1754789515174,12.631,12631,luke78491,cars_5_luke78491,stimuli/tiktok_stim_veryfast_social/demos/cars/cars_5_luke78491.mp4,demo
Y,25,cars_6,cars,candy red sports car,https://www.tiktok.com/@thecarforum/video/7537151118573358350?q=lime%20green%20ferrari&t=1755188043366,17.251,17251,thecarforum,cars_6_thecarforum,stimuli/tiktok_stim_veryfast_social/demos/cars/cars_6_thecarforum.mp4,demo